{
    "providers": [
        {
            "type": "bitmap",
            "file": "minecraft:custom/muerte_000.png",
            "ascent": 50,
            "height": 100,
            "chars": ["\uE000"]
             },
             {
            "type": "bitmap",
            "file": "minecraft:custom/muerte_001.png",
            "ascent": 50,
            "height": 100,
            "chars": ["\uE001"]
             },
             {
            "type": "bitmap",
            "file": "minecraft:custom/muerte_0011.png",
            "ascent": 50,
            "height": 100,
            "chars": ["\uE001"]
             },
             {
            "type": "bitmap",
            "file": "minecraft:custom/muerte_002.png",
            "ascent": 50,
            "height": 100,
            "chars": ["\uE002"]
             },
             {
            "type": "bitmap",
            "file": "minecraft:custom/muerte_003.png",
            "ascent": 50,
            "height": 100,
            "chars": ["\uE003"]
             },
             {
            "type": "bitmap",
            "file": "minecraft:custom/muerte_003.png",
            "ascent": 50,
            "height": 100,
            "chars": ["\uE003"]
             },
             {
            "type": "bitmap",
            "file": "minecraft:custom/muerte_004.png",
            "ascent": 50,
            "height": 100,
            "chars": ["\uE004"]
             },
             {
            "type": "bitmap",
            "file": "minecraft:custom/muerte_005.png",
            "ascent": 50,
            "height": 100,
            "chars": ["\uE005"]
             },
             {
            "type": "bitmap",
            "file": "minecraft:custom/muerte_006.png",
            "ascent": 50,
            "height": 100,
            "chars": ["\uE006"]
             },
             {
            "type": "bitmap",
            "file": "minecraft:custom/muerte_007.png",
            "ascent": 50,
            "height": 100,
            "chars": ["\uE007"]
             },
             {
            "type": "bitmap",
            "file": "minecraft:custom/muerte_008.png",
            "ascent": 50,
            "height": 100,
            "chars": ["\uE008"]
             },
             {
            "type": "bitmap",
            "file": "minecraft:custom/muerte_009.png",
            "ascent": 50,
            "height": 100,
            "chars": ["\uE009"]
             },
             {
            "type": "bitmap",
            "file": "minecraft:custom/muerte_010.png",
            "ascent": 50,
            "height": 100,
            "chars": ["\uE010"]
             },
             {
            "type": "bitmap",
            "file": "minecraft:custom/muerte_011.png",
            "ascent": 50,
            "height": 100,
            "chars": ["\uE011"]
             },
             {
            "type": "bitmap",
            "file": "minecraft:custom/muerte_012.png",
            "ascent": 50,
            "height": 100,
            "chars": ["\uE012"]
             },
             {
            "type": "bitmap",
            "file": "minecraft:custom/muerte_013.png",
            "ascent": 50,
            "height": 100,
            "chars": ["\uE013"]
             },
             {
            "type": "bitmap",
            "file": "minecraft:custom/muerte_014.png",
            "ascent": 50,
            "height": 100,
            "chars": ["\uE014"]
             },
             {
            "type": "bitmap",
            "file": "minecraft:custom/muerte_015.png",
            "ascent": 50,
            "height": 100,
            "chars": ["\uE015"]
             },
             {
            "type": "bitmap",
            "file": "minecraft:custom/muerte_016.png",
            "ascent": 50,
            "height": 100,
            "chars": ["\uE016"]
             },
             {
            "type": "bitmap",
            "file": "minecraft:custom/muerte_017.png",
            "ascent": 50,
            "height": 100,
            "chars": ["\uE017"]
             },
             {
            "type": "bitmap",
            "file": "minecraft:custom/muerte_018.png",
            "ascent": 50,
            "height": 100,
            "chars": ["\uE018"]
             },
             {
            "type": "bitmap",
            "file": "minecraft:custom/muerte_019.png",
            "ascent": 50,
            "height": 100,
            "chars": ["\uE019"]
             },
             {
            "type": "bitmap",
            "file": "minecraft:custom/muerte_020.png",
            "ascent": 50,
            "height": 100,
            "chars": ["\uE020"]
             },
             {
            "type": "bitmap",
            "file": "minecraft:custom/muerte_021.png",
            "ascent": 50,
            "height": 100,
            "chars": ["\uE021"]
             },
             {
            "type": "bitmap",
            "file": "minecraft:custom/muerte_022.png",
            "ascent": 50,
            "height": 100,
            "chars": ["\uE022"]
             },
             {
            "type": "bitmap",
            "file": "minecraft:custom/muerte_023.png",
            "ascent": 50,
            "height": 100,
            "chars": ["\uE023"]
             },
             {
            "type": "bitmap",
            "file": "minecraft:custom/muerte_024.png",
            "ascent": 50,
            "height": 100,
            "chars": ["\uE024"]
             },
             {
            "type": "bitmap",
            "file": "minecraft:custom/muerte_025.png",
            "ascent": 50,
            "height": 100,
            "chars": ["\uE025"]
             },
             {
            "type": "bitmap",
            "file": "minecraft:custom/muerte_026.png",
            "ascent": 50,
            "height": 100,
            "chars": ["\uE026"]
             },
             {
            "type": "bitmap",
            "file": "minecraft:custom/muerte_027.png",
            "ascent": 50,
            "height": 100,
            "chars": ["\uE027"]
             },
             {
            "type": "bitmap",
            "file": "minecraft:custom/muerte_028.png",
            "ascent": 50,
            "height": 100,
            "chars": ["\uE028"]
             },
             {
            "type": "bitmap",
            "file": "minecraft:custom/muerte_029.png",
            "ascent": 50,
            "height": 100,
            "chars": ["\uE029"]
             },
             {
            "type": "bitmap",
            "file": "minecraft:custom/muerte_030.png",
            "ascent": 50,
            "height": 100,
            "chars": ["\uE030"]
             },
             {
            "type": "bitmap",
            "file": "minecraft:custom/muerte_031.png",
            "ascent": 50,
            "height": 100,
            "chars": ["\uE031"]
             },
             {
            "type": "bitmap",
            "file": "minecraft:custom/muerte_032.png",
            "ascent": 50,
            "height": 100,
            "chars": ["\uE032"]
             },
             {
            "type": "bitmap",
            "file": "minecraft:custom/muerte_033.png",
            "ascent": 50,
            "height": 100,
            "chars": ["\uE033"]
             },
             {
            "type": "bitmap",
            "file": "minecraft:custom/muerte_034.png",
            "ascent": 50,
            "height": 100,
            "chars": ["\uE034"]
             },
             {
            "type": "bitmap",
            "file": "minecraft:custom/muerte_035.png",
            "ascent": 50,
            "height": 100,
            "chars": ["\uE035"]
             },
             {
            "type": "bitmap",
            "file": "minecraft:custom/muerte_036.png",
            "ascent": 50,
            "height": 100,
            "chars": ["\uE036"]
             },
             {
            "type": "bitmap",
            "file": "minecraft:custom/muerte_037.png",
            "ascent": 50,
            "height": 100,
            "chars": ["\uE037"]
             },
             {
            "type": "bitmap",
            "file": "minecraft:custom/muerte_038.png",
            "ascent": 50,
            "height": 100,
            "chars": ["\uE038"]
             },
             {
            "type": "bitmap",
            "file": "minecraft:custom/muerte_039.png",
            "ascent": 50,
            "height": 100,
            "chars": ["\uE039"]
             },
             {
            "type": "bitmap",
            "file": "minecraft:custom/muerte_040.png",
            "ascent": 50,
            "height": 100,
            "chars": ["\uE040"]
             },
             {
            "type": "bitmap",
            "file": "minecraft:custom/muerte_041.png",
            "ascent": 50,
            "height": 100,
            "chars": ["\uE041"]
             },
             {
            "type": "bitmap",
            "file": "minecraft:custom/muerte_042.png",
            "ascent": 50,
            "height": 100,
            "chars": ["\uE042"]
             },
             {
            "type": "bitmap",
            "file": "minecraft:custom/muerte_043.png",
            "ascent": 50,
            "height": 100,
            "chars": ["\uE043"]
             },
             {
            "type": "bitmap",
            "file": "minecraft:custom/muerte_044.png",
            "ascent": 50,
            "height": 100,
            "chars": ["\uE044"]
             },
             {
            "type": "bitmap",
            "file": "minecraft:custom/muerte_045.png",
            "ascent": 50,
            "height": 100,
            "chars": ["\uE045"]
             },
             {
            "type": "bitmap",
            "file": "minecraft:custom/muerte_046.png",
            "ascent": 50,
            "height": 100,
            "chars": ["\uE046"]
             },
             {
            "type": "bitmap",
            "file": "minecraft:custom/muerte_047.png",
            "ascent": 50,
            "height": 100,
            "chars": ["\uE047"]
             },
             {
            "type": "bitmap",
            "file": "minecraft:custom/muerte_048.png",
            "ascent": 50,
            "height": 100,
            "chars": ["\uE048"]
             },
             {
            "type": "bitmap",
            "file": "minecraft:custom/muerte_049.png",
            "ascent": 50,
            "height": 100,
            "chars": ["\uE049"]
             },
             {
            "type": "bitmap",
            "file": "minecraft:custom/muerte_050.png",
            "ascent": 50,
            "height": 100,
            "chars": ["\uE050"]
             },
             {
            "type": "bitmap",
            "file": "minecraft:custom/muerte_051.png",
            "ascent": 50,
            "height": 100,
            "chars": ["\uE051"]
             },
             {
            "type": "bitmap",
            "file": "minecraft:custom/muerte_052.png",
            "ascent": 50,
            "height": 100,
            "chars": ["\uE052"]
             },
             {
            "type": "bitmap",
            "file": "minecraft:custom/muerte_053.png",
            "ascent": 50,
            "height": 100,
            "chars": ["\uE053"]
             },
             {
            "type": "bitmap",
            "file": "minecraft:custom/muerte_054.png",
            "ascent": 50,
            "height": 100,
            "chars": ["\uE054"]
             },
             {
            "type": "bitmap",
            "file": "minecraft:custom/muerte_055.png",
            "ascent": 50,
            "height": 100,
            "chars": ["\uE055"]
             },
             {
            "type": "bitmap",
            "file": "minecraft:custom/muerte_056.png",
            "ascent": 50,
            "height": 100,
            "chars": ["\uE056"]
             },
             {
            "type": "bitmap",
            "file": "minecraft:custom/muerte_057.png",
            "ascent": 50,
            "height": 100,
            "chars": ["\uE057"]
             },
             {
            "type": "bitmap",
            "file": "minecraft:custom/muerte_058.png",
            "ascent": 50,
            "height": 100,
            "chars": ["\uE058"]
             },
             {
            "type": "bitmap",
            "file": "minecraft:custom/muerte_059.png",
            "ascent": 50,
            "height": 100,
            "chars": ["\uE059"]
             },
             {
            "type": "bitmap",
            "file": "minecraft:custom/muerte_060.png",
            "ascent": 50,
            "height": 100,
            "chars": ["\uE060"]
             },
             {
            "type": "bitmap",
            "file": "minecraft:custom/muerte_061.png",
            "ascent": 50,
            "height": 100,
            "chars": ["\uE061"]
             },
             {
            "type": "bitmap",
            "file": "minecraft:custom/muerte_062.png",
            "ascent": 50,
            "height": 100,
            "chars": ["\uE062"]
             },
             {
            "type": "bitmap",
            "file": "minecraft:custom/muerte_063.png",
            "ascent": 50,
            "height": 100,
            "chars": ["\uE063"]
             },
             {
            "type": "bitmap",
            "file": "minecraft:custom/muerte_064.png",
            "ascent": 50,
            "height": 100,
            "chars": ["\uE064"]
             },
             {
            "type": "bitmap",
            "file": "minecraft:custom/muerte_065.png",
            "ascent": 50,
            "height": 100,
            "chars": ["\uE065"]
             },
             {
            "type": "bitmap",
            "file": "minecraft:custom/muerte_066.png",
            "ascent": 50,
            "height": 100,
            "chars": ["\uE066"]
             },
             {
            "type": "bitmap",
            "file": "minecraft:custom/muerte_067.png",
            "ascent": 50,
            "height": 100,
            "chars": ["\uE067"]
             },
             {
            "type": "bitmap",
            "file": "minecraft:custom/muerte_068.png",
            "ascent": 50,
            "height": 100,
            "chars": ["\uE068"]
             },
             {
            "type": "bitmap",
            "file": "minecraft:custom/muerte_069.png",
            "ascent": 50,
            "height": 100,
            "chars": ["\uE069"]
             },
             {
            "type": "bitmap",
            "file": "minecraft:custom/muerte_070.png",
            "ascent": 50,
            "height": 100,
            "chars": ["\uE070"]
             },
             {
            "type": "bitmap",
            "file": "minecraft:custom/muerte_071.png",
            "ascent": 50,
            "height": 100,
            "chars": ["\uE071"]
             },
             {
            "type": "bitmap",
            "file": "minecraft:custom/muerte_072.png",
            "ascent": 50,
            "height": 100,
            "chars": ["\uE072"]
             },
             {
            "type": "bitmap",
            "file": "minecraft:custom/muerte_073.png",
            "ascent": 50,
            "height": 100,
            "chars": ["\uE073"]
             },
             {
            "type": "bitmap",
            "file": "minecraft:custom/muerte_074.png",
            "ascent": 50,
            "height": 100,
            "chars": ["\uE074"]
             },
             {
            "type": "bitmap",
            "file": "minecraft:custom/muerte_075.png",
            "ascent": 50,
            "height": 100,
            "chars": ["\uE075"]
             },
             {
            "type": "bitmap",
            "file": "minecraft:custom/muerte_076.png",
            "ascent": 50,
            "height": 100,
            "chars": ["\uE076"]
             },
             {
            "type": "bitmap",
            "file": "minecraft:custom/muerte_077.png",
            "ascent": 50,
            "height": 100,
            "chars": ["\uE077"]
             },
             {
            "type": "bitmap",
            "file": "minecraft:custom/muerte_078.png",
            "ascent": 50,
            "height": 100,
            "chars": ["\uE078"]
             },
             {
            "type": "bitmap",
            "file": "minecraft:custom/muerte_079.png",
            "ascent": 50,
            "height": 100,
            "chars": ["\uE079"]
             },
             {
            "type": "bitmap",
            "file": "minecraft:custom/muerte_080.png",
            "ascent": 50,
            "height": 100,
            "chars": ["\uE080"]
             },
             {
            "type": "bitmap",
            "file": "minecraft:custom/muerte_081.png",
            "ascent": 50,
            "height": 100,
            "chars": ["\uE081"]
             },
             {
            "type": "bitmap",
            "file": "minecraft:custom/muerte_082.png",
            "ascent": 50,
            "height": 100,
            "chars": ["\uE082"]
             },
             {
            "type": "bitmap",
            "file": "minecraft:custom/muerte_083.png",
            "ascent": 50,
            "height": 100,
            "chars": ["\uE083"]
             },
             {
            "type": "bitmap",
            "file": "minecraft:custom/muerte_084.png",
            "ascent": 50,
            "height": 100,
            "chars": ["\uE084"]
             },
             {
            "type": "bitmap",
            "file": "minecraft:custom/muerte_085.png",
            "ascent": 50,
            "height": 100,
            "chars": ["\uE085"]
             },
             {
            "type": "bitmap",
            "file": "minecraft:custom/muerte_086.png",
            "ascent": 50,
            "height": 100,
            "chars": ["\uE086"]
             },
             {
            "type": "bitmap",
            "file": "minecraft:custom/muerte_087.png",
            "ascent": 50,
            "height": 100,
            "chars": ["\uE087"]
             },
             {
            "type": "bitmap",
            "file": "minecraft:custom/muerte_088.png",
            "ascent": 50,
            "height": 100,
            "chars": ["\uE088"]
             },
             {
            "type": "bitmap",
            "file": "minecraft:custom/muerte_089.png",
            "ascent": 50,
            "height": 100,
            "chars": ["\uE089"]
             },
             {
            "type": "bitmap",
            "file": "minecraft:custom/muerte_090.png",
            "ascent": 50,
            "height": 100,
            "chars": ["\uE090"]
             },
             {
            "type": "bitmap",
            "file": "minecraft:custom/muerte_091.png",
            "ascent": 50,
            "height": 100,
            "chars": ["\uE091"]
             },
             {
            "type": "bitmap",
            "file": "minecraft:custom/muerte_092.png",
            "ascent": 50,
            "height": 100,
            "chars": ["\uE092"]
             },
             {
            "type": "bitmap",
            "file": "minecraft:custom/muerte_093.png",
            "ascent": 50,
            "height": 100,
            "chars": ["\uE093"]
             },
             {
            "type": "bitmap",
            "file": "minecraft:custom/muerte_094.png",
            "ascent": 50,
            "height": 100,
            "chars": ["\uE094"]
             },
             {
            "type": "bitmap",
            "file": "minecraft:custom/muerte_095.png",
            "ascent": 50,
            "height": 100,
            "chars": ["\uE095"]
             },
             {
            "type": "bitmap",
            "file": "minecraft:custom/muerte_096.png",
            "ascent": 50,
            "height": 100,
            "chars": ["\uE096"]
             },
             {
            "type": "bitmap",
            "file": "minecraft:custom/muerte_097.png",
            "ascent": 50,
            "height": 100,
            "chars": ["\uE097"]
             },
             {
            "type": "bitmap",
            "file": "minecraft:custom/muerte_098.png",
            "ascent": 50,
            "height": 100,
            "chars": ["\uE098"]
             },
             {
            "type": "bitmap",
            "file": "minecraft:custom/muerte_099.png",
            "ascent": 50,
            "height": 100,
            "chars": ["\uE099"]
             },
             {
            "type": "bitmap",
            "file": "minecraft:custom/muerte_100.png",
            "ascent": 50,
            "height": 100,
            "chars": ["\uE100"]
             },
             {
            "type": "bitmap",
            "file": "minecraft:custom/muerte_101.png",
            "ascent": 50,
            "height": 100,
            "chars": ["\uE101"]
             },
             {
            "type": "bitmap",
            "file": "minecraft:custom/muerte_102.png",
            "ascent": 50,
            "height": 100,
            "chars": ["\uE102"]
             },
             {
            "type": "bitmap",
            "file": "minecraft:custom/muerte_103.png",
            "ascent": 50,
            "height": 100,
            "chars": ["\uE103"]
             },
             {
            "type": "bitmap",
            "file": "minecraft:custom/muerte_104.png",
            "ascent": 50,
            "height": 100,
            "chars": ["\uE104"]
             },
             {
            "type": "bitmap",
            "file": "minecraft:custom/muerte_105.png",
            "ascent": 50,
            "height": 100,
            "chars": ["\uE105"]
             },
             {
            "type": "bitmap",
            "file": "minecraft:custom/muerte_106.png",
            "ascent": 50,
            "height": 100,
            "chars": ["\uE106"]
             },
             {
            "type": "bitmap",
            "file": "minecraft:custom/muerte_107.png",
            "ascent": 50,
            "height": 100,
            "chars": ["\uE107"]
             },
             {
            "type": "bitmap",
            "file": "minecraft:custom/muerte_108.png",
            "ascent": 50,
            "height": 100,
            "chars": ["\uE108"]
             },
             {
            "type": "bitmap",
            "file": "minecraft:custom/muerte_109.png",
            "ascent": 50,
            "height": 100,
            "chars": ["\uE109"]
             },
             {
            "type": "bitmap",
            "file": "minecraft:custom/muerte_110.png",
            "ascent": 50,
            "height": 100,
            "chars": ["\uE110"]
             },
             {
            "type": "bitmap",
            "file": "minecraft:custom/muerte_111.png",
            "ascent": 50,
            "height": 100,
            "chars": ["\uE111"]
             },
             {
            "type": "bitmap",
            "file": "minecraft:custom/muerte_112.png",
            "ascent": 50,
            "height": 100,
            "chars": ["\uE112"]
             },
             {
            "type": "bitmap",
            "file": "minecraft:custom/muerte_113.png",
            "ascent": 50,
            "height": 100,
            "chars": ["\uE113"]
            },
             {
                "type": "bitmap",
                "file": "minecraft:custom/ded_000.png",
                "ascent": 50,
                "height": 100,
                "chars": ["\uE600"]
             },
             {
                "type": "bitmap",
                "file": "minecraft:custom/ded_001.png",
                "ascent": 50,
                "height": 100,
                "chars": ["\uE601"]
             },
             {
                "type": "bitmap",
                "file": "minecraft:custom/ded_002.png",
                "ascent": 50,
                "height": 100,
                "chars": ["\uE602"]
             },
             {
                "type": "bitmap",
                "file": "minecraft:custom/ded_003.png",
                "ascent": 50,
                "height": 100,
                "chars": ["\uE603"]
             },
             {
                "type": "bitmap",
                "file": "minecraft:custom/ded_004.png",
                "ascent": 50,
                "height": 100,
                "chars": ["\uE604"]
             },
             {
                "type": "bitmap",
                "file": "minecraft:custom/ded_005.png",
                "ascent": 50,
                "height": 100,
                "chars": ["\uE605"]
             },
             {
                "type": "bitmap",
                "file": "minecraft:custom/ded_006.png",
                "ascent": 50,
                "height": 100,
                "chars": ["\uE606"]
             },
             {
                "type": "bitmap",
                "file": "minecraft:custom/ded_007.png",
                "ascent": 50,
                "height": 100,
                "chars": ["\uE607"]
             },
             {
                "type": "bitmap",
                "file": "minecraft:custom/ded_008.png",
                "ascent": 50,
                "height": 100,
                "chars": ["\uE608"]
             },
             {
                "type": "bitmap",
                "file": "minecraft:custom/ded_009.png",
                "ascent": 50,
                "height": 100,
                "chars": ["\uE609"]
             },
             {
                "type": "bitmap",
                "file": "minecraft:custom/ded_010.png",
                "ascent": 50,
                "height": 100,
                "chars": ["\uE610"]
             },
             {
                "type": "bitmap",
                "file": "minecraft:custom/ded_011.png",
                "ascent": 50,
                "height": 100,
                "chars": ["\uE611"]
             },
             {
                "type": "bitmap",
                "file": "minecraft:custom/ded_012.png",
                "ascent": 50,
                "height": 100,
                "chars": ["\uE612"]
             },
             {
                "type": "bitmap",
                "file": "minecraft:custom/ded_013.png",
                "ascent": 50,
                "height": 100,
                "chars": ["\uE613"]
             },
             {
                "type": "bitmap",
                "file": "minecraft:custom/ded_014.png",
                "ascent": 50,
                "height": 100,
                "chars": ["\uE614"]
             },
             {
                "type": "bitmap",
                "file": "minecraft:custom/ded_015.png",
                "ascent": 50,
                "height": 100,
                "chars": ["\uE615"]
             },
             {
                "type": "bitmap",
                "file": "minecraft:custom/ded_016.png",
                "ascent": 50,
                "height": 100,
                "chars": ["\uE616"]
             },
             {
                "type": "bitmap",
                "file": "minecraft:custom/ded_017.png",
                "ascent": 50,
                "height": 100,
                "chars": ["\uE617"]
             },
             {
                "type": "bitmap",
                "file": "minecraft:custom/ded_018.png",
                "ascent": 50,
                "height": 100,
                "chars": ["\uE618"]
             },
             {
                "type": "bitmap",
                "file": "minecraft:custom/ded_019.png",
                "ascent": 50,
                "height": 100,
                "chars": ["\uE619"]
             },
             {
                "type": "bitmap",
                "file": "minecraft:custom/ded_020.png",
                "ascent": 50,
                "height": 100,
                "chars": ["\uE620"]
             },
             {
                "type": "bitmap",
                "file": "minecraft:custom/ded_021.png",
                "ascent": 50,
                "height": 100,
                "chars": ["\uE621"]
             },
             {
                "type": "bitmap",
                "file": "minecraft:custom/ded_022.png",
                "ascent": 50,
                "height": 100,
                "chars": ["\uE622"]
             },
             {
                "type": "bitmap",
                "file": "minecraft:custom/ded_023.png",
                "ascent": 50,
                "height": 100,
                "chars": ["\uE623"]
             },
             {
                "type": "bitmap",
                "file": "minecraft:custom/ded_024.png",
                "ascent": 50,
                "height": 100,
                "chars": ["\uE624"]
             },
             {
                "type": "bitmap",
                "file": "minecraft:custom/ded_025.png",
                "ascent": 50,
                "height": 100,
                "chars": ["\uE625"]
             },
             {
                "type": "bitmap",
                "file": "minecraft:custom/ded_026.png",
                "ascent": 50,
                "height": 100,
                "chars": ["\uE626"]
             },
             {
                "type": "bitmap",
                "file": "minecraft:custom/ded_027.png",
                "ascent": 50,
                "height": 100,
                "chars": ["\uE627"]
             },
             {
                "type": "bitmap",
                "file": "minecraft:custom/ded_028.png",
                "ascent": 50,
                "height": 100,
                "chars": ["\uE628"]
             },
             {
                "type": "bitmap",
                "file": "minecraft:custom/ded_029.png",
                "ascent": 50,
                "height": 100,
                "chars": ["\uE629"]
             },
             {
                "type": "bitmap",
                "file": "minecraft:custom/ded_030.png",
                "ascent": 50,
                "height": 100,
                "chars": ["\uE630"]
             },
             {
               "type": "bitmap",
               "file": "minecraft:custom/ded_031.png",
               "ascent": 50,
               "height": 100,
               "chars": ["\uE631"]
            },
            {
               "type": "bitmap",
               "file": "minecraft:custom/ded_032.png",
                "ascent": 50,
               "height": 100,
               "chars": ["\uE632"]
            },
            {
               "type": "bitmap",
               "file": "minecraft:custom/ded_033.png",
                "ascent": 50,
               "height": 100,
               "chars": ["\uE633"]
            },
            {
               "type": "bitmap",
               "file": "minecraft:custom/ded_034.png",
                "ascent": 50,
               "height": 100,
               "chars": ["\uE634"]
            },
            {
               "type": "bitmap",
               "file": "minecraft:custom/ded_035.png",
                "ascent": 50,
               "height": 100,
               "chars": ["\uE635"]
            },
            {
               "type": "bitmap",
               "file": "minecraft:custom/ded_036.png",
                "ascent": 50,
               "height": 100,
               "chars": ["\uE636"]
            },
            {
               "type": "bitmap",
               "file": "minecraft:custom/ded_037.png",
                "ascent": 50,
               "height": 100,
               "chars": ["\uE637"]
            },
            {
               "type": "bitmap",
               "file": "minecraft:custom/ded_038.png",
                "ascent": 50,
               "height": 100,
               "chars": ["\uE638"]
            },
            {
               "type": "bitmap",
               "file": "minecraft:custom/ded_039.png",
                "ascent": 50,
               "height": 100,
               "chars": ["\uE639"]
            },
            {
               "type": "bitmap",
               "file": "minecraft:custom/ded_040.png",
                "ascent": 50,
               "height": 100,
               "chars": ["\uE640"]
            },
            {
               "type": "bitmap",
               "file": "minecraft:custom/ded_041.png",
                "ascent": 50,
               "height": 100,
               "chars": ["\uE641"]
            },
            {
               "type": "bitmap",
               "file": "minecraft:custom/ded_042.png",
                "ascent": 50,
               "height": 100,
               "chars": ["\uE641"]
            },
            {
               "type": "bitmap",
               "file": "minecraft:custom/ded_043.png",
                "ascent": 50,
               "height": 100,
               "chars": ["\uE642"]
            },
            {
               "type": "bitmap",
               "file": "minecraft:custom/ded_044.png",
                "ascent": 50,
               "height": 100,
               "chars": ["\uE643"]
            },
            {
               "type": "bitmap",
               "file": "minecraft:custom/ded_045.png",
                "ascent": 50,
               "height": 100,
               "chars": ["\uE644"]
            },
            {
               "type": "bitmap",
               "file": "minecraft:custom/ded_046.png",
                "ascent": 50,
               "height": 100,
               "chars": ["\uE645"]
            },
            {
               "type": "bitmap",
               "file": "minecraft:custom/ded_047.png",
                "ascent": 50,
               "height": 100,
               "chars": ["\uE646"]
            },
            {
               "type": "bitmap",
               "file": "minecraft:custom/ded_048.png",
                "ascent": 50,
               "height": 100,
               "chars": ["\uE647"]
            },
            {
               "type": "bitmap",
               "file": "minecraft:custom/ded_049.png",
                "ascent": 50,
               "height": 100,
               "chars": ["\uE648"]
            },
            {
               "type": "bitmap",
               "file": "minecraft:custom/ded_050.png",
                "ascent": 50,
               "height": 100,
               "chars": ["\uE649"]
            },
            {
               "type": "bitmap",
               "file": "minecraft:custom/ded_051.png",
                "ascent": 50,
               "height": 100,
               "chars": ["\uE650"]
            },
            {
               "type": "bitmap",
               "file": "minecraft:custom/ded_052.png",
                "ascent": 50,
               "height": 100,
               "chars": ["\uE651"]
            },
            {
               "type": "bitmap",
               "file": "minecraft:custom/ded_053.png",
                "ascent": 50,
               "height": 100,
               "chars": ["\uE652"]
            },
            {
               "type": "bitmap",
               "file": "minecraft:custom/ded_054.png",
                "ascent": 50,
               "height": 100,
               "chars": ["\uE653"]
            },
            {
               "type": "bitmap",
               "file": "minecraft:custom/ded_055.png",
                "ascent": 50,
               "height": 100,
               "chars": ["\uE654"]
            },
            {
               "type": "bitmap",
               "file": "minecraft:custom/ded_056.png",
                "ascent": 50,
               "height": 100,
               "chars": ["\uE655"]
            },
            {
               "type": "bitmap",
               "file": "minecraft:custom/ded_057.png",
                "ascent": 50,
               "height": 100,
               "chars": ["\uE656"]
            },
            {
               "type": "bitmap",
               "file": "minecraft:custom/ded_058.png",
                "ascent": 50,
               "height": 100,
               "chars": ["\uE657"]
            },
            {
               "type": "bitmap",
               "file": "minecraft:custom/ded_059.png",
                "ascent": 50,
               "height": 100,
               "chars": ["\uE658"]
            },
            {
               "type": "bitmap",
               "file": "minecraft:custom/ded_060.png",
                "ascent": 50,
               "height": 100,
               "chars": ["\uE659"]
            },
            {
               "type": "bitmap",
               "file": "minecraft:custom/ded_061.png",
                "ascent": 50,
               "height": 100,
               "chars": ["\uE660"]
            },
            {
               "type": "bitmap",
               "file": "minecraft:custom/ded_062.png",
                "ascent": 50,
               "height": 100,
               "chars": ["\uE661"]
            },
             {
                "type": "bitmap",
                "file": "minecraft:custom/ded_063.png",
                "ascent": 50,
                "height": 100,
                "chars": ["\uE662"]
             },
             {
                "type": "bitmap",
                "file": "minecraft:custom/ded_064.png",
                "ascent": 50,
                "height": 100,
                "chars": ["\uE663"]
             },
             {
                "type": "bitmap",
                "file": "minecraft:custom/ded_065.png",
                "ascent": 50,
                "height": 100,
                "chars": ["\uE664"]
             },
             {
                "type": "bitmap",
                "file": "minecraft:custom/ded_066.png",
                "ascent": 50,
                "height": 100,
                "chars": ["\uE665"]
             },
             {
                "type": "bitmap",
                "file": "minecraft:custom/ded_067.png",
                "ascent": 50,
                "height": 100,
                "chars": ["\uE666"]
             },
             {
                "type": "bitmap",
                "file": "minecraft:custom/ded_068.png",
                "ascent": 50,
                "height": 100,
                "chars": ["\uE667"]
             },
             {
               "type": "bitmap",
               "file": "minecraft:custom/ded_069.png",
                "ascent": 50,
               "height": 100,
               "chars": ["\uE668"]
            },
            {
               "type": "bitmap",
               "file": "minecraft:custom/ded_070.png",
                "ascent": 50,
               "height": 100,
               "chars": ["\uE669"]
            },
            {
               "type": "bitmap",
               "file": "minecraft:custom/ded_071.png",
                "ascent": 50,
               "height": 100,
               "chars": ["\uE670"]
            },
            {
               "type": "bitmap",
               "file": "minecraft:custom/ded_072.png",
                "ascent": 50,
               "height": 100,
               "chars": ["\uE671"]
            },
            {
               "type": "bitmap",
               "file": "minecraft:custom/ded_073.png",
                "ascent": 50,
               "height": 100,
               "chars": ["\uE672"]
            },
            {
               "type": "bitmap",
               "file": "minecraft:custom/ded_074.png",
                "ascent": 50,
               "height": 100,
               "chars": ["\uE673"]
            },
            {
               "type": "bitmap",
               "file": "minecraft:custom/ded_075.png",
                "ascent": 50,
               "height": 100,
               "chars": ["\uE674"]
            },
            {
               "type": "bitmap",
               "file": "minecraft:custom/ded_076.png",
                "ascent": 50,
               "height": 100,
               "chars": ["\uE675"]
            },
             {
                "type": "bitmap",
                "file": "minecraft:custom/ded_077.png",
                "ascent": 50,
                "height": 100,
                "chars": ["\uE676"]
             },
             {
                "type": "bitmap",
                "file": "minecraft:custom/ded_078.png",
                "ascent": 50,
                "height": 100,
                "chars": ["\uE677"]
             },
             {
                "type": "bitmap",
                "file": "minecraft:custom/ded_079.png",
                "ascent": 50,
                "height": 100,
                "chars": ["\uE678"]
             },
             {
                "type": "bitmap",
                "file": "minecraft:custom/ded_080.png",
                "ascent": 50,
                "height": 100,
                "chars": ["\uE679"]
             },
             {
                "type": "bitmap",
                "file": "minecraft:custom/ded_081.png",
                "ascent": 50,
                "height": 100,
                "chars": ["\uE680"]
             },
             {
                "type": "bitmap",
                "file": "minecraft:custom/ded_082.png",
                "ascent": 50,
                "height": 100,
                "chars": ["\uE681"]
             },
             {
               "type": "bitmap",
               "file": "minecraft:custom/ded_083.png",
                "ascent": 50,
               "height": 100,
               "chars": ["\uE682"]
            },
            {
               "type": "bitmap",
               "file": "minecraft:custom/ded_084.png",
                "ascent": 50,
               "height": 100,
               "chars": ["\uE683"]
            },
            {
                "type": "bitmap",
                "file": "minecraft:custom/ded_085.png",
                "ascent": 50,
                "height": 100,
                "chars": ["\uE684"]
             },
             {
                "type": "bitmap",
                "file": "minecraft:custom/ded_086.png",
                "ascent": 50,
                "height": 100,
                "chars": ["\uE685"]
             },
             {
                "type": "bitmap",
                "file": "minecraft:custom/ded_087.png",
                "ascent": 50,
                "height": 100,
                "chars": ["\uE686"]
             },
             {
                "type": "bitmap",
                "file": "minecraft:custom/ded_088.png",
                "ascent": 50,
                "height": 100,
                "chars": ["\uE687"]
             },
             {
                "type": "bitmap",
                "file": "minecraft:custom/ded_089.png",
                "ascent": 50,
                "height": 100,
                "chars": ["\uE688"]
             },
             {
                "type": "bitmap",
                "file": "minecraft:custom/ded_090.png",
                "ascent": 50,
                "height": 100,
                "chars": ["\uE689"]
             },
             {
                "type": "bitmap",
                "file": "minecraft:custom/ded_091.png",
                "ascent": 50,
                "height": 100,
                "chars": ["\uE690"]
             },
             {
                "type": "bitmap",
                "file": "minecraft:custom/ded_092.png",
                "ascent": 50,
                "height": 100,
                "chars": ["\uE691"]
             },
             {
                "type": "bitmap",
                "file": "minecraft:custom/ded_093.png",
                "ascent": 50,
                "height": 100,
                "chars": ["\uE692"]
             },
             {
                "type": "bitmap",
                "file": "minecraft:custom/ded_094.png",
                "ascent": 50,
                "height": 100,
                "chars": ["\uE693"]
             },
             {
                "type": "bitmap",
                "file": "minecraft:custom/ded_095.png",
                "ascent": 50,
                "height": 100,
                "chars": ["\uE694"]
             },
             {
                "type": "bitmap",
                "file": "minecraft:custom/ded_096.png",
                "ascent": 50,
                "height": 100,
                "chars": ["\uE695"]
             },
             {
                "type": "bitmap",
                "file": "minecraft:custom/ded_097.png",
                "ascent": 50,
                "height": 100,
                "chars": ["\uE696"]
             },
             {
                "type": "bitmap",
                "file": "minecraft:custom/ded_098.png",
                "ascent": 50,
                "height": 100,
                "chars": ["\uE697"]
             },
             {
                "type": "bitmap",
                "file": "minecraft:custom/ded_099.png",
                "ascent": 50,
                "height": 100,
                "chars": ["\uE698"]
             },
             {
                "type": "bitmap",
                "file": "minecraft:custom/ded_100.png",
                "ascent": 50,
                "height": 100,
                "chars": ["\uE699"]
             },
             {
                "type": "bitmap",
                "file": "minecraft:custom/ded_101.png",
                "ascent": 50,
                "height": 100,
                "chars": ["\uE700"]
             },
             {
                "type": "bitmap",
                "file": "minecraft:custom/ded_102.png",
                "ascent": 50,
                "height": 100,
                "chars": ["\uE701"]
             },
             {
                "type": "bitmap",
                "file": "minecraft:custom/ded_103.png",
                "ascent": 50,
                "height": 100,
                "chars": ["\uE702"]
             },
             {
                "type": "bitmap",
                "file": "minecraft:custom/ded_104.png",
                "ascent": 50,
                "height": 100,
                "chars": ["\uE703"]
             },
             {
                "type": "bitmap",
                "file": "minecraft:custom/ded_105.png",
                "ascent": 50,
                "height": 100,
                "chars": ["\uE704"]
             },
             {
                "type": "bitmap",
                "file": "minecraft:custom/ded_106.png",
                "ascent": 50,
                "height": 100,
                "chars": ["\uE705"]
             },
             {
                "type": "bitmap",
                "file": "minecraft:custom/ded_107.png",
                "ascent": 50,
                "height": 100,
                "chars": ["\uE706"]
             },
             {
                "type": "bitmap",
                "file": "minecraft:custom/ded_108.png",
                "ascent": 50,
                "height": 100,
                "chars": ["\uE707"]
             },
             {
                "type": "bitmap",
                "file": "minecraft:custom/ded_109.png",
                "ascent": 50,
                "height": 100,
                "chars": ["\uE708"]
             },
             {
                "type": "bitmap",
                "file": "minecraft:custom/ded_110.png",
                "ascent": 50,
                "height": 100,
                "chars": ["\uE709"]
             },
             {
                "type": "bitmap",
                "file": "minecraft:custom/ded_111.png",
                "ascent": 50,
                "height": 100,
                "chars": ["\uE710"]
             },
             {
                "type": "bitmap",
                "file": "minecraft:custom/ded_112.png",
                "ascent": 50,
                "height": 100,
                "chars": ["\uE711"]
             },
             {
                "type": "bitmap",
                "file": "minecraft:custom/ded_113.png",
                "ascent": 50,
                "height": 100,
                "chars": ["\uE712"]
             },
             {
                "type": "bitmap",
                "file": "minecraft:custom/ded_114.png",
                "ascent": 50,
                "height": 100,
                "chars": ["\uE713"]
             },
             {
               "type": "bitmap",
               "file": "minecraft:custom/ded_115.png",
                "ascent": 50,
               "height": 100,
               "chars": ["\uE714"]
            },
            {
               "type": "bitmap",
               "file": "minecraft:custom/ded_116.png",
                "ascent": 50,
               "height": 100,
               "chars": ["\uE715"]
            },
            {
               "type": "bitmap",
               "file": "minecraft:custom/ded_117.png",
                "ascent": 50,
               "height": 100,
               "chars": ["\uE716"]

             }
        ]
}